{
  "gold_model": "gpt-5.2-pro",
  "results": [
    {
      "model": "gemini-3-flash-preview",
      "exact": 17.142857142857142,
      "conservative": 17.142857142857142,
      "weighted": 17.142857142857142,
      "n": 35,
      "splits": {
        "joint": {
          "exact": 17.142857142857142,
          "conservative": 17.142857142857142,
          "weighted": 17.142857142857142,
          "n": 35
        },
        "explicit": {
          "exact": 17.142857142857142,
          "conservative": 17.142857142857142,
          "weighted": 17.142857142857142,
          "n": 35
        },
        "implicit": {
          "exact": 0.0,
          "conservative": 0.0,
          "weighted": 0.0,
          "n": 0
        }
      }
    },
    {
      "model": "gemini-3-flash-preview_grounded",
      "exact": 17.142857142857142,
      "conservative": 17.142857142857142,
      "weighted": 17.142857142857142,
      "n": 35,
      "splits": {
        "joint": {
          "exact": 17.142857142857142,
          "conservative": 17.142857142857142,
          "weighted": 17.142857142857142,
          "n": 35
        },
        "explicit": {
          "exact": 17.142857142857142,
          "conservative": 17.142857142857142,
          "weighted": 17.142857142857142,
          "n": 35
        },
        "implicit": {
          "exact": 0.0,
          "conservative": 0.0,
          "weighted": 0.0,
          "n": 0
        }
      }
    },
    {
      "model": "gemini-3-flash-preview_grounded_updated",
      "exact": 17.142857142857142,
      "conservative": 17.142857142857142,
      "weighted": 17.142857142857142,
      "n": 35,
      "splits": {
        "joint": {
          "exact": 17.142857142857142,
          "conservative": 17.142857142857142,
          "weighted": 17.142857142857142,
          "n": 35
        },
        "explicit": {
          "exact": 17.142857142857142,
          "conservative": 17.142857142857142,
          "weighted": 17.142857142857142,
          "n": 35
        },
        "implicit": {
          "exact": 0.0,
          "conservative": 0.0,
          "weighted": 0.0,
          "n": 0
        }
      }
    },
    {
      "model": "gemini-3-flash-preview_nonconservative",
      "exact": 0.0,
      "conservative": 0.0,
      "weighted": 0.0,
      "n": 29,
      "splits": {
        "joint": {
          "exact": 0.0,
          "conservative": 0.0,
          "weighted": 0.0,
          "n": 29
        },
        "explicit": {
          "exact": 0.0,
          "conservative": 0.0,
          "weighted": 0.0,
          "n": 29
        },
        "implicit": {
          "exact": 0.0,
          "conservative": 0.0,
          "weighted": 0.0,
          "n": 0
        }
      }
    },
    {
      "model": "gpt-5-mini",
      "exact": 28.57142857142857,
      "conservative": 91.42857142857143,
      "weighted": 60.0,
      "n": 35,
      "splits": {
        "joint": {
          "exact": 28.57142857142857,
          "conservative": 91.42857142857143,
          "weighted": 60.0,
          "n": 35
        },
        "explicit": {
          "exact": 28.57142857142857,
          "conservative": 91.42857142857143,
          "weighted": 60.0,
          "n": 35
        },
        "implicit": {
          "exact": 0.0,
          "conservative": 0.0,
          "weighted": 0.0,
          "n": 0
        }
      }
    },
    {
      "model": "gpt-5.2",
      "exact": 17.142857142857142,
      "conservative": 17.142857142857142,
      "weighted": 17.142857142857142,
      "n": 35,
      "splits": {
        "joint": {
          "exact": 17.142857142857142,
          "conservative": 17.142857142857142,
          "weighted": 17.142857142857142,
          "n": 35
        },
        "explicit": {
          "exact": 17.142857142857142,
          "conservative": 17.142857142857142,
          "weighted": 17.142857142857142,
          "n": 35
        },
        "implicit": {
          "exact": 0.0,
          "conservative": 0.0,
          "weighted": 0.0,
          "n": 0
        }
      }
    }
  ]
}